age_group,accidents,drivers,accident_rate
16-19,11655,210120,55.468303826384926
20-24,20038,360215,55.62788889968491
25-34,36925,885713,41.689576646159644
35-44,32369,998515,32.417139452086346
45-54,29643,957857,30.947208194960208
55-64,24842,1095137,22.68391991139008
65 or older,21432,1192420,17.973532815618658
