Gender,accidents,drivers,accident_rate
Female,71132,2777577,25.60937104533916
Male,106783,2929083,36.45611954321541
